variante,tarea,agente,tokens_entrada,tokens_salida,llamadas,latencia_s
completo,demo-A,critico,10082,356,3,3.715622875999543
completo,demo-A,indexador_comunidades,24537,7438,16,51.61293742799171
completo,demo-A,indexador_entidades,1049,1577,5,8.687604763996205
completo,demo-A,planificador,799,659,1,4.726832186999673
completo,demo-A,programador,8576,1317,3,9.99580961600077
completo,demo-A,redactor,8542,2211,1,12.465395808001631
completo,demo-B,critico,7161,527,2,5.7009418760026165
completo,demo-B,indexador_comunidades,27844,9220,19,65.02506319500026
completo,demo-B,indexador_entidades,814,1257,4,6.884169553006359
completo,demo-B,planificador,636,584,1,4.905685827998241
completo,demo-B,programador,6270,833,2,5.719706327003223
completo,demo-B,redactor,4208,1419,1,9.699645437001891
completo,demo-C,critico,9605,347,2,2.895438074996491
completo,demo-C,indexador_comunidades,21016,6308,13,42.69159372098511
completo,demo-C,indexador_entidades,978,1183,4,7.637545145997137
completo,demo-C,planificador,802,645,1,4.0544160190002
completo,demo-C,programador,7648,1554,2,10.019101952999335
completo,demo-C,redactor,7527,1234,1,8.007354797999142
completo,control-1,critico,9536,249,2,2.2135811020016263
completo,control-1,indexador_comunidades,17849,4400,10,27.54865730599704
completo,control-1,indexador_entidades,733,391,1,2.2317124849978427
completo,control-1,planificador,832,418,1,2.652830275001179
completo,control-1,programador,7939,1395,2,8.479442889998609
completo,control-1,redactor,5638,1758,1,11.566477905002102
completo,control-3,critico,27325,853,4,6.035562687993661
completo,control-3,indexador_comunidades,11160,3371,6,21.29732244799743
completo,control-3,indexador_entidades,715,607,1,3.205538048001472
completo,control-3,lector_prediccion,762,359,1,2.8709235899987107
completo,control-3,planificador,803,770,1,3.8934480489988346
completo,control-3,programador,17363,7786,4,37.741779735999444
completo,control-3,redactor,10317,2747,1,13.519128246000037
sin_grafo,demo-A,critico,5917,71,3,1.1856288210037746
sin_grafo,demo-A,indexador_comunidades,24789,6663,11,44.50805513200612
sin_grafo,demo-A,indexador_entidades,1049,1382,5,7.669512279000628
sin_grafo,demo-A,planificador,799,757,1,4.194715870999062
sin_grafo,demo-A,programador,4484,1263,3,7.017019672002789
sin_grafo,demo-A,redactor,16032,5247,3,33.11389063099705
sin_grafo,demo-B,critico,4892,621,2,4.1258037660008995
sin_grafo,demo-B,indexador_comunidades,24668,6586,13,43.95392093099872
sin_grafo,demo-B,indexador_entidades,814,1305,4,7.111016433002078
sin_grafo,demo-B,planificador,636,614,1,3.570545286998822
sin_grafo,demo-B,programador,3830,2233,2,12.028094778997911
sin_grafo,demo-B,redactor,3492,1480,1,9.305981565001275
sin_grafo,demo-C,critico,8279,635,3,6.4382632419983565
sin_grafo,demo-C,indexador_comunidades,19181,5595,11,43.875723762001144
sin_grafo,demo-C,indexador_entidades,1187,3494,5,23.354931524998392
sin_grafo,demo-C,planificador,802,619,1,3.9780608620021667
sin_grafo,demo-C,programador,6036,3019,3,20.292827346002014
sin_grafo,demo-C,redactor,9427,4201,3,24.137750471996696
sin_grafo,control-1,critico,3023,37,1,1.6741502300028515
sin_grafo,control-1,indexador_comunidades,19130,5312,10,41.901100146002136
sin_grafo,control-1,indexador_entidades,733,383,1,2.439597615000821
sin_grafo,control-1,planificador,832,324,1,1.998380493001605
sin_grafo,control-1,programador,1991,715,1,4.693639907000033
sin_grafo,control-1,redactor,3410,1517,1,9.563576291002391
sin_grafo,control-3,critico,11977,568,3,4.143134839996492
sin_grafo,control-3,indexador_entidades,715,588,1,3.4282677859991963
sin_grafo,control-3,lector_prediccion,762,241,1,1.5630205599991314
sin_grafo,control-3,planificador,803,739,1,4.173196687999734
sin_grafo,control-3,programador,12984,6247,5,31.789148099007434
sin_grafo,control-3,redactor,14069,4765,2,23.640073990998644
memoria,demo-A,critico,10110,124,3,2.015604357999109
memoria,demo-A,indexador_comunidades,19211,5597,11,38.08466439599579
memoria,demo-A,indexador_entidades,1049,1429,5,8.04048336499909
memoria,demo-A,planificador,799,729,1,4.978327000000718
memoria,demo-A,programador,12268,1299,3,7.707386991998646
memoria,demo-A,redactor,7822,2255,1,12.26740689199869
memoria,demo-B,critico,7613,360,2,3.4275390000002517
memoria,demo-B,indexador_comunidades,15564,3689,7,23.771879146002902
memoria,demo-B,indexador_entidades,814,1353,4,7.707335811006487
memoria,demo-B,planificador,636,583,1,3.3650523209980747
memoria,demo-B,programador,10029,977,2,7.106060188998526
memoria,demo-B,redactor,4543,1482,1,9.31698657599918
memoria,demo-C,critico,9372,370,2,3.079352672000823
memoria,demo-C,indexador_comunidades,17501,5505,10,34.865190968990646
memoria,demo-C,indexador_entidades,1187,5490,5,34.34380300000703
memoria,demo-C,planificador,802,544,1,3.847734112998296
memoria,demo-C,programador,11211,1532,2,8.44860836099906
memoria,demo-C,redactor,7556,1198,1,7.452057811999111
memoria,control-1,critico,4818,19,1,0.5365810679977585
memoria,control-1,indexador_comunidades,14807,2741,5,17.82875171499836
memoria,control-1,indexador_entidades,733,480,1,2.6255055149995314
memoria,control-1,planificador,832,359,1,2.410665033999976
memoria,control-1,programador,5695,682,1,5.09336754800097
memoria,control-1,redactor,12077,3005,2,17.902362417000404
memoria,control-3,critico,20773,569,3,4.134968064998247
memoria,control-3,indexador_comunidades,12460,2804,5,18.793256651995762
memoria,control-3,indexador_entidades,715,713,1,3.9679633409978123
memoria,control-3,lector_prediccion,762,237,1,1.7780657390030683
memoria,control-3,planificador,803,745,1,3.7785165479981515
memoria,control-3,programador,25688,6488,3,30.05151502499939
memoria,control-3,redactor,53580,7410,3,36.37361576599869
