id,tipo,respondible,modelo_embeddings,k,posicion,hit,reciprocal_rank,score_top1,abstuvo,generador,retrieved_ids
1,simple,True,BAAI/bge-m3,3,1,True,1.0,0.6562079,False,ollama:gemma3:4b,31 S06 - Coseno producto punto y normalización-0002 31 S06 - Coseno producto punto y normalización-0003 33 PRÁCTICA - Embeddings y similitud semántica-0002
2,simple,True,BAAI/bge-m3,3,3,True,0.3333333333333333,0.6822361,True,ollama:gemma3:4b,37 S08 - Estrategias de fragmentación y solapamiento-0004 36 S08 - Fragmentos tokens y truncamiento-0005 37 S08 - Estrategias de fragmentación y solapamiento-0003
3,simple,True,BAAI/bge-m3,3,3,True,0.3333333333333333,0.668844,False,ollama:gemma3:4b,38 S08 - Búsqueda léxica densa y fusión RRF-0004 38 S08 - Búsqueda léxica densa y fusión RRF-0007 38 S08 - Búsqueda léxica densa y fusión RRF-0005
4,multi-chunk,True,BAAI/bge-m3,3,2,True,0.5,0.6470938,True,ollama:gemma3:4b,39 S08 - Reranking contexto y abstención-0005 36 S08 - Fragmentos tokens y truncamiento-0002 49 S09 - Ejercicios resueltos y repaso-0001
5,multi-chunk,True,BAAI/bge-m3,3,3,True,0.3333333333333333,0.6096393,True,ollama:gemma3:4b,48 S09 - Diagnóstico experimentos y Taller 2-0001 43 S09 - Hit Rate Recall MRR MAP y nDCG paso a paso-0000 43 S09 - Hit Rate Recall MRR MAP y nDCG paso a paso-0001
6,multi-chunk,True,BAAI/bge-m3,3,,False,0.0,0.64101374,False,ollama:gemma3:4b,38 S08 - Búsqueda léxica densa y fusión RRF-0007 38 S08 - Búsqueda léxica densa y fusión RRF-0000 41 S08 - Recordatorio y preguntas de comprensión-0001
7,negativo,False,BAAI/bge-m3,3,,,,0.39177656,True,ollama:gemma3:4b,38 S08 - Búsqueda léxica densa y fusión RRF-0001 38 S08 - Búsqueda léxica densa y fusión RRF-0002 38 S08 - Búsqueda léxica densa y fusión RRF-0005
8,negativo,False,BAAI/bge-m3,3,,,,0.33311746,True,ollama:gemma3:4b,32 S06 - Elegir modelo y reconocer límites-0000 33 PRÁCTICA - Embeddings y similitud semántica-0000 31 S06 - Coseno producto punto y normalización-0003
9,adversarial,True,BAAI/bge-m3,3,1,True,1.0,0.6104691,True,ollama:gemma3:4b,43 S09 - Hit Rate Recall MRR MAP y nDCG paso a paso-0002 43 S09 - Hit Rate Recall MRR MAP y nDCG paso a paso-0003 43 S09 - Hit Rate Recall MRR MAP y nDCG paso a paso-0005
10,simple,True,BAAI/bge-m3,3,1,True,1.0,0.6308379,False,ollama:gemma3:4b,47 S09 - GraphRAG y recuperación multimodal-0001 47 S09 - GraphRAG y recuperación multimodal-0000 47 S09 - GraphRAG y recuperación multimodal-0003
1,simple,True,BAAI/bge-m3,5,1,True,1.0,0.6562079,False,ollama:gemma3:4b,31 S06 - Coseno producto punto y normalización-0002 31 S06 - Coseno producto punto y normalización-0003 33 PRÁCTICA - Embeddings y similitud semántica-0002 35 S08 - RAG contexto memoria y generación fundamentada-0002 28 S06 - Qué es un embedding y qué significa cercanía-0003
2,simple,True,BAAI/bge-m3,5,3,True,0.3333333333333333,0.6822361,False,ollama:gemma3:4b,37 S08 - Estrategias de fragmentación y solapamiento-0004 36 S08 - Fragmentos tokens y truncamiento-0005 37 S08 - Estrategias de fragmentación y solapamiento-0003 33 PRÁCTICA - Embeddings y similitud semántica-0001 32 S06 - Elegir modelo y reconocer límites-0001
3,simple,True,BAAI/bge-m3,5,3,True,0.3333333333333333,0.668844,False,ollama:gemma3:4b,38 S08 - Búsqueda léxica densa y fusión RRF-0004 38 S08 - Búsqueda léxica densa y fusión RRF-0007 38 S08 - Búsqueda léxica densa y fusión RRF-0005 38 S08 - Búsqueda léxica densa y fusión RRF-0006 38 S08 - Búsqueda léxica densa y fusión RRF-0000
4,multi-chunk,True,BAAI/bge-m3,5,2,True,0.5,0.6470938,True,ollama:gemma3:4b,39 S08 - Reranking contexto y abstención-0005 36 S08 - Fragmentos tokens y truncamiento-0002 49 S09 - Ejercicios resueltos y repaso-0001 37 S08 - Estrategias de fragmentación y solapamiento-0003 45 S09 - Preguntas negativas y abstención-0002
5,multi-chunk,True,BAAI/bge-m3,5,3,True,0.3333333333333333,0.6096393,True,ollama:gemma3:4b,48 S09 - Diagnóstico experimentos y Taller 2-0001 43 S09 - Hit Rate Recall MRR MAP y nDCG paso a paso-0000 43 S09 - Hit Rate Recall MRR MAP y nDCG paso a paso-0001 41 S08 - Recordatorio y preguntas de comprensión-0005 43 S09 - Hit Rate Recall MRR MAP y nDCG paso a paso-0005
6,multi-chunk,True,BAAI/bge-m3,5,,False,0.0,0.64101374,False,ollama:gemma3:4b,38 S08 - Búsqueda léxica densa y fusión RRF-0007 38 S08 - Búsqueda léxica densa y fusión RRF-0000 41 S08 - Recordatorio y preguntas de comprensión-0001 30 S06 - Cómo se entrena SBERT y por qué permite buscar-0002 32 S06 - Elegir modelo y reconocer límites-0002
7,negativo,False,BAAI/bge-m3,5,,,,0.39177656,True,ollama:gemma3:4b,38 S08 - Búsqueda léxica densa y fusión RRF-0001 38 S08 - Búsqueda léxica densa y fusión RRF-0002 38 S08 - Búsqueda léxica densa y fusión RRF-0005 38 S08 - Búsqueda léxica densa y fusión RRF-0007 41 S08 - Recordatorio y preguntas de comprensión-0006
8,negativo,False,BAAI/bge-m3,5,,,,0.33311746,True,ollama:gemma3:4b,32 S06 - Elegir modelo y reconocer límites-0000 33 PRÁCTICA - Embeddings y similitud semántica-0000 31 S06 - Coseno producto punto y normalización-0003 28 S06 - Qué es un embedding y qué significa cercanía-0002 46 S09 - Evaluar respuestas fidelidad y citas-0000
9,adversarial,True,BAAI/bge-m3,5,1,True,1.0,0.6104691,False,ollama:gemma3:4b,43 S09 - Hit Rate Recall MRR MAP y nDCG paso a paso-0002 43 S09 - Hit Rate Recall MRR MAP y nDCG paso a paso-0003 43 S09 - Hit Rate Recall MRR MAP y nDCG paso a paso-0005 43 S09 - Hit Rate Recall MRR MAP y nDCG paso a paso-0000 49 S09 - Ejercicios resueltos y repaso-0000
10,simple,True,BAAI/bge-m3,5,1,True,1.0,0.6308379,False,ollama:gemma3:4b,47 S09 - GraphRAG y recuperación multimodal-0001 47 S09 - GraphRAG y recuperación multimodal-0000 47 S09 - GraphRAG y recuperación multimodal-0003 34 S08 - Guía para entender fragmentación y recuperación-0002 48 S09 - Diagnóstico experimentos y Taller 2-0003
